"Group","Species","common.name","USDA.Code","Family","Max.per.crew","Crew","Target"
"Grass","Achnatherum lettermanii","Letterman's needlegrass","ACLE9","Poaceae","1","Universal",1
"Grass","Achnatherum nevadense","Nevada needlegrass","ACNE10","Poaceae","1","Universal",1
"Grass","Achnatherum occidentale","western needlegrass","ACOC3","Poaceae","1","Universal",1
"Grass","Achnatherum thurberianum","Thurber’s needlegrass","ACTH7","Poaceae","3","Universal",1
"Grass","Achnatherum webberi","Webber needlegrass","ACWE3","Poaceae","1","Universal",1
"Forb","Agoseris glauca","pale agoseris","AGGL","Asteraceae","1","Universal",1
"Forb","Asclepias speciosa","showy milkweed","ASSP","Asclepiadaceae","2","Universal",1
"Forb","Balsamorhiza sagittata","arrowleaf balsamroot","BASA3","Asteraceae","3","Universal",1
"Forb","Chaenactis douglasii","Douglas’ dustymaidens","CHDO","Asteraceae","3","Universal",1
"Forb","Crepis acuminata","tapertip hawksbeard","CRAC2","Asteraceae","2","Universal",1
"Forb","Dieteria canescens","hoary tansyaster","MACA2","Asteraceae","4","Universal",1
"Grass","Elymus elymoides","squirreltail","ELEL5","Poaceae","6","Universal",1
"Grass","Achnatherum hymenoides","indian ricegrass ","ACHY","Poaceae","5","Universal",1
"Forb","Eriogonum ovalifolium","cushion buckwheat","EROV","Polygonaceae","2","Universal",1
"Forb","Eriogonum umbellatum","sulphur-flower buckwheat","ERUM","Polygonaceae","2","Universal",1
"Grass","Hesperostipa comata","needle and thread grass","HECO26","Poaceae","1","Universal",1
"Forb","Lomatium dissectum","fernleaf biscuitroot","LODI","Apiaceae","2","Universal",1
"Forb","Lomatium nudicaule","barestem biscuitroot","LONU2","Apiaceae","2","Universal",1
"Forb","Phacelia hastata","silverleaf phacelia","PHHA","Boraginaceae","1","Universal",1
"Grass","Poa secunda","Sandberg’s bluegrass","POSE","Poaceae","6","Universal",1
"Grass","Pseudoroegneria spicata","bluebunch wheatgrass","PSSP6","Poaceae","5","Universal",1
"Forb","Sphaeralcea grossulariifolia","gooseberryleaf globemallow","SPGR2","Malvaceae","3","Universal",1
"Forb","Sphaeralcea munroana","Munro's globemallow","SPMU2","Malvaceae","3","Universal",1
"Forb","Balsamorhiza hookeri","Hooker's balsamroot","BAHO","Asteraceae","3","SE",1
"Forb","Crepis occidentalis","largeflower hawksbeard","CROC","Asteraceae","2","SE",1
"Forb","Erigeron speciosus","aspen fleabane","ERSP4","Asteraceae","1","SE",1
"Forb","Eriogonum heracleoides","parsnipflower buckwheat","ERHE2","Polygonaceae","2","SE",1
"Grass","Achnatherum speciosum","desert needlegrass","ACSP12","Poaceae","1","SE",1
"Forb","Dalea searlsiae","Searls' prairie clover","DASE3","Fabaceae","2","SE",1
"Forb","Heliomeris multiflora","showy goldeneye","HEMU3","Asteraceae","2","SE",1
"Forb","Penstemon palmeri","Palmer's penstemon","PEPA8","Scrophulariaceae","2","SE",1
"Forb","Peritoma lutea","yellow spiderflower","CLLU2","Capparaceae","4","SE",1
"Grass","Pleuraphis jamesii","James' galleta","PLJA","Poaceae","1","SE",1
"Forb","Sphaeralcea ambigua","desert globemallow","SPAM2","Malvaceae","3","SE",1
"Grass","Sporobolus cryptandrus","sand dropseed","SPCR","Poaceae","1","SE",1
"Forb","Penstemon eatonii","firecracker penstemon","PEEA","Scrophulariaceae","2","SE",1
"Forb","Penstemon pachyphyllus","thickleaf beardtongue","PEPA6","Scrophulariaceae","2","SE",1
"Forb","Sphaeralcea coccinea","scarlet globemallow","SPCO","Malvaceae","3","SE",1
