<PAMDataset>
  <PAMRasterBand band="1">
    <Description>spei_879</Description>
    <Histograms>
      <HistItem>
        <HistMin>0.7</HistMin>
        <HistMax>2.3</HistMax>
        <BucketCount>15</BucketCount>
        <IncludeOutOfRange>0</IncludeOutOfRange>
        <Approximate>0</Approximate>
        <HistCounts>1|0|0|0|0|4|0|0|0|6|0|0|0|0|4</HistCounts>
      </HistItem>
    </Histograms>
    <Metadata>
      <MDI key="STATISTICS_MAXIMUM">2.25</MDI>
      <MDI key="STATISTICS_MEAN">1.6833333333333</MDI>
      <MDI key="STATISTICS_MINIMUM">0.75</MDI>
      <MDI key="STATISTICS_STDDEV">0.44221663871405</MDI>
      <MDI key="STATISTICS_VALID_PERCENT">100</MDI>
    </Metadata>
  </PAMRasterBand>
</PAMDataset>
